Date,Open,High,Low,Close,Volume,Symbol
2024-06-13,214.02069454325613,216.02395620562416,210.89121315624297,213.52236938476562,97862700,AAPL
2024-06-14,213.13367378271622,214.44924427717243,210.59221246372425,211.77822875976562,70122700,AAPL
2024-06-17,212.65527993528355,218.21659070332575,212.0074632920053,215.94422912597656,93728300,AAPL
2024-06-18,216.86113841241473,217.89766325641614,212.28651711595563,213.5721893310547,79943300,AAPL
2024-06-20,213.21339445126264,213.5223688231627,208.1504242370716,208.97763061523438,86172500,AAPL
2024-06-21,209.68527826262047,211.18025387128242,206.4162661482939,206.7949981689453,246421400,AAPL
2024-06-24,207.02420349475855,211.98751777765062,205.89798377862786,207.4427947998047,80727000,AAPL
2024-06-25,208.44940858434205,210.67194975002218,207.91122410230182,208.36968994140625,56713900,AAPL
2024-06-26,210.79155216910215,214.1402980033581,209.9344322470105,212.5356903076172,66213200,AAPL
2024-06-27,213.97087836680484,215.01736433595826,211.63872006367095,213.3828582763672,49772700,AAPL
2024-06-28,215.04724812174294,215.34624626528088,209.5955695452833,209.91448974609375,82542700,AAPL
2024-07-01,211.37956216985054,216.78140506529675,211.2101334408119,216.02395629882812,60402900,AAPL
2024-07-02,215.42595595595571,219.64179766849512,214.3794853085834,219.53216552734375,58046200,AAPL
2024-07-03,219.26306558331447,220.80787658691406,218.29631357753755,220.80787658691406,37369800,AAPL
2024-07-05,220.90754038733803,225.69146503075916,220.90754038733803,225.5818328857422,60412400,AAPL
2024-07-08,226.32931907748747,227.08678305881674,222.50218547217585,227.056884765625,59085900,AAPL
2024-07-09,227.1664984715379,228.631575647805,225.6117264169712,227.9139862060547,48076100,AAPL
2024-07-10,228.53191911989683,232.2992560750062,228.48208356286247,232.1995849609375,62627700,AAPL
2024-07-11,230.61492037011672,231.61157070495582,225.01375035477759,226.80772399902344,64710600,AAPL
2024-07-12,228.1531925563972,231.86073301422448,227.91399100155513,229.76776123046875,53046500,AAPL
2024-07-15,235.68787221439834,236.43535998230433,232.3092281117703,233.61483764648438,62631300,AAPL
2024-07-16,234.21283703260292,235.4785872610991,231.55178236868576,234.033447265625,43234300,AAPL
2024-07-17,228.68140979310064,230.68468664215072,225.88082486496336,228.1133270263672,57345900,AAPL
2024-07-18,229.50863493701104,229.66810263837593,221.52547133243425,223.42906188964844,66034600,AAPL
2024-07-19,224.06694094221692,226.04030439428965,222.53209087352224,223.5586395263672,49151500,AAPL
2024-07-22,226.24959507146193,227.01702011468987,222.34272744507626,223.20982360839844,48201800,AAPL
2024-07-23,223.61843101438217,226.17982967750157,221.93408951337017,224.25628662109375,39960300,AAPL
2024-07-24,223.24965464543004,224.04697788212746,216.40267233593048,217.8079376220703,61777600,AAPL
2024-07-25,218.19665359620475,220.11023564894725,213.9010930254534,216.76148986816406,51391200,AAPL
2024-07-26,217.96741565742542,218.75477790382115,215.2864239407029,217.2299041748047,41601300,AAPL
2024-07-29,216.23326096996,218.5654190781,215.0273073866339,217.50897216796875,36311800,AAPL
2024-07-30,218.45580119769897,219.5919820328496,215.39607720378967,218.06710815429688,41643800,AAPL
2024-07-31,220.6982497488722,223.07028238181744,219.89096542123676,221.3361053466797,50036300,AAPL
2024-08-01,223.618417993468,223.72805013234773,216.29304757526307,217.62855529785156,62501000,AAPL
2024-08-02,218.41592196270943,224.84432899946665,216.98075820790513,219.12355041503906,105568600,AAPL
2024-08-05,198.423121913284,212.7848576409039,195.3434758670593,208.56903076171875,119548600,AAPL
2024-08-06,204.61231506511243,209.28660752946874,200.39648844230862,206.5358428955078,69660500,AAPL
2024-08-07,206.20693999643444,212.92436846093156,205.69865382063958,209.11717224121094,63516400,AAPL
2024-08-08,212.39614722358988,213.4824924067945,208.13048513245963,212.59547424316406,47161100,AAPL
2024-08-09,211.38955402452135,216.05387055494424,211.259984607228,215.51568603515625,42201600,AAPL
2024-08-12,215.59550663031672,219.02793942662467,215.12653755613,217.0522918701172,38028100,AAPL
2024-08-13,218.52904142421028,221.4027217224782,218.52904142421028,220.78408813476562,44155300,AAPL
2024-08-14,220.08562480803565,222.54021400164925,219.21752501736546,221.23309326171875,41960600,AAPL
2024-08-15,224.10676986474735,224.8551228159093,222.27079905335071,224.22650146484375,46414000,AAPL
2024-08-16,223.42826155403992,226.33187474025672,223.15885022096822,225.5535888671875,44340200,AAPL
2024-08-19,225.22429606357244,225.49370737790127,222.55017371179113,225.3939208984375,40687800,AAPL
2024-08-20,225.27420804373648,226.6711275207631,224.95490346311303,226.0125732421875,30299000,AAPL
2024-08-21,226.0225636042008,227.47934890039068,224.55579052395228,225.90281677246094,34765500,AAPL
2024-08-22,227.28974628083643,227.8385414771675,223.4082896744648,224.0369110107422,43695300,AAPL
2024-08-23,225.16444130741013,227.7188169640382,223.83736023691762,226.3418426513672,38677300,AAPL
2024-08-26,226.2620154817008,226.7808777924977,223.39832305195915,226.68109130859375,30602200,AAPL
2024-08-27,225.50369501854036,228.34744239539063,224.39613201364162,227.52923583984375,35934600,AAPL
2024-08-28,227.4194670399241,229.35520907583674,225.18438078371824,225.99261474609375,38052200,AAPL
2024-08-29,229.59470189609323,232.4085012026452,228.37737982242845,229.28536987304688,51906300,AAPL
2024-08-30,229.6844899472923,229.89402024722435,226.98043458769098,228.49710083007812,52990800,AAPL
2024-09-03,228.04809790202157,228.4971066385697,220.68429981162342,222.28079223632812,50190600,AAPL
2024-09-04,221.17322424578342,221.29295584608857,217.0023958735564,220.36500549316406,43840200,AAPL
2024-09-05,221.14329437614535,224.98483044961614,221.03353533260162,221.8916473388672,36615400,AAPL
2024-09-06,223.45818364879955,224.74535922490057,219.2873705935476,220.33506774902344,48423000,AAPL
2024-09-09,220.3350822772696,220.7840910234286,216.23410730849415,220.4248809814453,67180000,AAPL
2024-09-10,218.43922835246784,220.9936039050013,216.25403537150672,219.62661743164062,51591000,AAPL
2024-09-11,220.97367404683663,222.6000841658612,217.41150656335964,222.17103576660156,44587100,AAPL
2024-09-12,222.01138090428717,223.0590781064196,219.33727360197898,222.28079223632812,37498200,AAPL
2024-09-13,223.08899783711732,223.54797910505988,221.42266715079168,222.01136779785156,36766600,AAPL
2024-09-16,216.0644583037111,216.74297289953918,213.4502168549942,215.84495544433594,59357400,AAPL
2024-09-17,215.27619443719672,216.42366284814068,214.02893954474482,216.31390380859375,45519300,AAPL
2024-09-18,217.07224903728172,222.22092099435915,217.06226125375574,220.20535278320312,59894900,AAPL
2024-09-19,224.49591687958383,229.31531179988679,224.1367068474718,228.3673858642578,66781300,AAPL
2024-09-20,229.46496974860833,232.57811312113958,227.12012443578536,227.6988525390625,318679900,AAPL
2024-09-23,226.8407407931877,228.94610768522742,225.31410200503296,225.97265625,54146000,AAPL
2024-09-24,228.14786961487798,228.8463445678705,225.2342838755063,226.8706817626953,43556100,AAPL
2024-09-25,224.43603888049125,226.79085685048213,223.52804884217394,225.8728790283203,42308700,AAPL
2024-09-26,226.80083714120576,227.99819881641105,224.9149883158055,227.02035522460938,36636700,AAPL
2024-09-27,227.9582911728241,229.01596089620384,226.80083496693393,227.2897491455078,34026000,AAPL
2024-09-30,229.5348054854851,232.48831176757812,229.1456625683617,232.48831176757812,54541900,AAPL
2024-10-01,229.0159547825387,229.14565893600417,223.24864947388588,225.71322631835938,63285000,AAPL
2024-10-02,225.3939223013361,226.8706678098605,222.53022998119604,226.28196716308594,32880600,AAPL
2024-10-03,224.64557310138042,226.3119038145279,222.82957789090332,225.17440795898438,34044200,AAPL
2024-10-04,227.39951613756347,227.49930262356304,223.63780617480538,226.30194091796875,37245100,AAPL
2024-10-07,224.0069975750027,225.19438676879486,220.84396072803747,221.2031707763672,39505400,AAPL
2024-10-08,223.80742742544692,225.4837307412941,222.75973024040246,225.27420043945312,31855700,AAPL
2024-10-09,224.73538646570117,229.24546472466872,224.33627096325682,229.03591918945312,33591100,AAPL
2024-10-10,227.279775108536,228.99599906464633,226.67111410985407,228.53700256347656,28183500,AAPL
2024-10-11,228.79644988971887,228.9062089337624,226.84074743911052,227.05029296875,31759200,AAPL
2024-10-14,228.19775690140833,231.22110160659443,228.09798564307096,230.79205322265625,39882100,AAPL
2024-10-15,233.0969778733182,236.9684620133565,231.85969551276995,233.33645629882812,64751400,AAPL
2024-10-16,231.09139869260778,231.61024577942743,229.33525401328018,231.27099609375,34082200,AAPL
2024-10-17,232.9173703418766,233.3364614020046,230.0137723986246,231.6401824951172,32993800,AAPL
2024-10-18,235.66133386929857,235.66133386929857,233.4961010856326,234.4839324951172,46431500,AAPL
2024-10-21,233.9351372634737,236.32987592195377,233.9351372634737,235.96067810058594,36254500,AAPL
2024-10-22,233.376366009758,235.70125104779564,232.08920560922664,235.342041015625,38846600,AAPL
2024-10-23,233.56595129753524,234.62362105235994,227.25982300232985,230.25323486328125,52287000,AAPL
2024-10-24,229.4749437774939,230.31311065070702,227.90839952304313,230.06365966796875,31109500,AAPL
2024-10-25,229.23547896644118,232.7078323586645,229.0658541264054,230.9018096923828,38802300,AAPL
2024-10-28,232.80762499530724,234.21451699403664,232.03931169048735,232.88743591308594,36087100,AAPL
2024-10-29,232.58810476348472,233.815399347975,231.8098189074392,233.15684509277344,35417200,AAPL
2024-10-30,232.09917848988178,232.95729049985403,229.04590082483264,229.59469604492188,47070900,AAPL
2024-10-31,228.83635490362704,229.325284321648,224.8750719925984,225.4138946533203,64370100,AAPL
2024-11-01,220.48474431371312,224.8551305713263,219.78628458026085,222.4204864501953,65276700,AAPL
2024-11-04,220.5046966292777,222.3007315284092,219.2275088130919,221.52244567871094,44944500,AAPL
2024-11-05,221.31291912362707,223.45819152571042,220.65436486265338,222.95928955078125,28111300,AAPL
2024-11-06,222.12113695305962,225.5735453041769,220.7042571772517,222.23089599609375,54561100,AAPL
2024-11-07,224.13670611072257,227.37956894750107,224.0768403097807,226.98043823242188,42137700,AAPL
2024-11-08,226.92049995960826,228.4088689967903,226.16134014604208,226.7107391357422,38328800,AAPL
2024-11-11,224.7528927426808,225.45212091614073,221.25673663335022,223.98373413085938,42005600,AAPL
2024-11-12,224.30339000560164,225.34224111445195,223.11469448970428,223.98373413085938,40398300,AAPL
2024-11-13,223.76397540644066,226.4010754152989,222.5153482196322,224.8727569580078,48566200,AAPL
2024-11-14,224.77287777547028,228.61864039722624,224.7528954725484,227.9693603515625,44923900,AAPL
2024-11-15,226.15134020310103,226.67077335813082,224.023689933323,224.7528839111328,47923700,AAPL
2024-11-18,225.00261496304853,229.4876892234719,224.92270099550518,227.7695770263672,44686000,AAPL
2024-11-19,226.73070634208972,229.90722171238716,226.41106572007726,228.02928161621094,36211800,AAPL
2024-11-20,227.80951934283004,229.67746064503265,225.64190448211673,228.7484893798828,35169600,AAPL
2024-11-21,228.6286329426038,229.90722593821596,225.46211628612434,228.26902770996094,42108300,AAPL
2024-11-22,227.80952873867182,230.46661102927646,227.80952873867182,229.61753845214844,38168300,AAPL
2024-11-25,231.2058026888721,232.99383009111634,229.48769048234254,232.61424255371094,90152800,AAPL
2024-11-26,233.07373841155265,235.31128373473052,233.07373841155265,234.8018341064453,45986200,AAPL
2024-11-27,234.21249554010248,235.43115689965902,233.55321672420507,234.67198181152344,33498400,AAPL
2024-11-29,234.55211454995276,237.5488197625333,233.71304074851764,237.06935119628906,28481400,AAPL
2024-12-02,237.00941446483552,240.52553753151284,236.89953466637493,239.3268585205078,48137100,AAPL
2024-12-03,239.54662188503684,242.49337894569658,238.6376176509325,242.3834991455078,38861000,AAPL
2024-12-04,242.60325739533934,243.84190102311462,240.9850414761411,242.74310302734375,44383900,AAPL
2024-12-05,243.72204013219255,244.2714238935446,241.86408229295347,242.7730712890625,40033900,AAPL
2024-12-06,242.6432183998472,244.3613305629988,241.8141281502541,242.5732879638672,36870600,AAPL
2024-12-09,241.56440918324205,246.96847124510987,241.48449521514058,246.47900390625,44649200,AAPL
2024-12-10,246.61884065291167,247.93739821602466,245.0705399660552,247.4978790283203,36914800,AAPL
2024-12-11,247.68767076725757,250.52454792031958,245.98952569372008,246.2192840576172,45205800,AAPL
2024-12-12,246.61885092340057,248.46682524629017,245.41017310687806,247.68768310546875,32777500,AAPL
2024-12-13,247.54782582286595,249.01619729452798,245.96955931284188,247.85748291015625,33155300,AAPL
2024-12-16,247.71764416028498,251.10392039685559,247.3780059899919,250.7642822265625,51694800,AAPL
2024-12-17,249.80533943156328,253.5512208135588,249.50566587259755,253.20159912109375,51356400,AAPL
2024-12-18,251.88305927654196,254.0007260278641,247.46791553993853,247.77757263183594,56774100,AAPL
2024-12-19,247.22817727073837,251.72323503929724,246.81862390484895,249.51565551757812,60882300,AAPL
2024-12-20,247.76758181309805,254.71994465608725,245.42017186050566,254.21051025390625,147495300,AAPL
2024-12-23,254.49020366493687,255.36922684225433,253.17164603591402,254.98965454101562,40858800,AAPL
2024-12-24,255.2094124344067,257.92641115938613,255.0096198916901,257.91644287109375,23234700,AAPL
2024-12-26,257.90642916266114,259.81433504408284,257.34704665632455,258.7355041503906,27237100,AAPL
2024-12-27,257.54682582842287,258.41589596104086,252.78207543596488,255.30929565429688,42355300,AAPL
2024-12-30,251.95298524244893,253.22159473829512,250.47461491371794,251.9230194091797,35557500,AAPL
2024-12-31,252.16275955239965,253.00183336212825,249.15605553782555,250.1449737548828,39480700,AAPL
2025-01-02,248.65660659999048,248.826433311358,241.55442975303322,243.5821990966797,55740700,AAPL
2025-01-03,243.0927276611328,243.91181916074598,241.624340886356,243.0927276611328,40244100,AAPL
2025-01-06,244.04168187374515,247.05836939894766,242.93290033169586,244.73092651367188,45045600,AAPL
2025-01-07,242.71314361950866,245.28032844029428,241.08494412707995,241.94400024414062,40856000,AAPL
2025-01-08,241.65429905026372,243.44234164075266,239.78635773622742,242.43344116210938,37628900,AAPL
2025-01-10,239.7463920626497,239.8962364632009,232.74409661721964,236.58987426757812,61710900,AAPL
2025-01-13,233.27352322575203,234.41227060505477,229.46771001708314,234.14256286621094,49630700,AAPL
2025-01-14,234.49217517741417,235.8606656353981,232.21468051006943,233.02378845214844,39435300,AAPL
2025-01-15,234.38230107288462,238.6975638581554,234.17252500331003,237.60874938964844,39832000,AAPL
2025-01-16,237.089336348529,237.74859991927732,227.7795647267042,228.00930786132812,71759100,AAPL
2025-01-17,231.86506609768284,232.03487756376998,228.22906438809179,229.7274169921875,68488300,AAPL
2025-01-21,223.75398423747347,224.17352112887505,219.13906319002535,222.39547729492188,98070400,AAPL
2025-01-22,219.54859611049605,223.87384226456615,219.54859611049605,223.58416748046875,64126500,AAPL
2025-01-23,224.493183388126,226.78066167492807,222.05586069453574,223.41436767578125,60234800,AAPL
2025-01-24,224.53312753788666,225.38220009721186,221.16683361690275,222.5353240966797,54697900,AAPL
2025-01-27,223.77396171163917,231.89502211760887,223.73399710835045,229.6075439453125,94863400,AAPL
2025-01-28,230.59647127201654,239.9262098046868,230.55650666713984,237.99832153320312,75707600,AAPL
2025-01-29,233.86287156365174,239.5965730646729,233.75299176206667,239.0971221923828,45486100,AAPL
2025-01-30,238.40787147181928,240.52553823889048,236.94948349745044,237.3290557861328,55658300,AAPL
2025-01-31,246.91852728753366,246.91852728753366,233.18362815459494,235.74081420898438,101075100,AAPL
2025-02-03,229.73741895869952,231.5753945205246,225.45212191586603,227.75958251953125,73063300,AAPL
2025-02-04,227.00041910872287,232.87396618357337,226.40107197135944,232.54432678222656,45067300,AAPL
2025-02-05,228.27901582634638,232.4144684638066,228.0193068583431,232.21469116210938,39620300,AAPL
2025-02-06,231.0359788855247,233.54323203112875,230.17692277145878,232.9638671875,29925300,AAPL
2025-02-07,232.3445476829273,233.74300400322835,227.0104008794231,227.3800048828125,39707200,AAPL
2025-02-10,229.57000732421875,230.58999633789062,227.1999969482422,227.64999389648438,33115600,AAPL
2025-02-11,228.1999969482422,235.22999572753906,228.1300048828125,232.6199951171875,53718400,AAPL
2025-02-12,231.1999969482422,236.9600067138672,230.67999267578125,236.8699951171875,45243300,AAPL
2025-02-13,236.91000366210938,242.33999633789062,235.57000732421875,241.52999877929688,53614100,AAPL
2025-02-14,241.25,245.5500030517578,240.99000549316406,244.60000610351562,40896200,AAPL
2025-02-18,244.14999389648438,245.17999267578125,241.83999633789062,244.47000122070312,48822500,AAPL
2025-02-19,244.66000366210938,246.00999450683594,243.16000366210938,244.8699951171875,32204200,AAPL
2025-02-20,244.94000244140625,246.77999877929688,244.2899932861328,245.8300018310547,32316900,AAPL
2025-02-21,245.9499969482422,248.69000244140625,245.22000122070312,245.5500030517578,53197400,AAPL
2025-02-24,244.92999267578125,248.86000061035156,244.4199981689453,247.10000610351562,51326400,AAPL
2025-02-25,248.0,250.0,244.91000366210938,247.0399932861328,48013300,AAPL
2025-02-26,244.3300018310547,244.97999572753906,239.1300048828125,240.36000061035156,44433600,AAPL
2025-02-27,239.41000366210938,242.4600067138672,237.05999755859375,237.3000030517578,41153600,AAPL
2025-02-28,236.9499969482422,242.08999633789062,230.1999969482422,241.83999633789062,56833400,AAPL
2025-03-03,241.7899932861328,244.02999877929688,236.11000061035156,238.02999877929688,47184000,AAPL
2025-03-04,237.7050018310547,240.07000732421875,234.6999969482422,235.92999267578125,53101971,AAPL
2024-06-13,175.67528254711183,176.3037322967602,174.44832299786256,174.72763061523438,20913300,GOOGL
2024-06-14,173.78994381015124,176.62292969308552,173.72010929713878,176.3535919189453,18063600,GOOGL
2024-06-17,175.02688536504445,177.91972065432515,174.37848075115542,176.802490234375,19618500,GOOGL
2024-06-18,176.70274924653248,176.95213214968163,173.6702598415333,174.65780639648438,21869900,GOOGL
2024-06-20,174.93711009387113,176.8523689204245,174.55805843997848,175.8648223876953,20160100,GOOGL
2024-06-21,176.5630868470822,180.40358945734673,176.1740501459251,179.1865997314453,58582700,GOOGL
2024-06-24,179.715285228895,180.44347898846334,178.22895776023654,178.77760314941406,18298000,GOOGL
2024-06-25,179.17661159493576,183.8350820927234,178.97710832976765,183.5757293701172,23235600,GOOGL
2024-06-26,182.179187278342,184.05453619494568,182.02954841692073,183.4261016845703,19839000,GOOGL
2024-06-27,183.72535675600184,185.59075113718478,183.56576327329066,184.95233154296875,18848900,GOOGL
2024-06-28,183.86503542704605,184.67303360352557,181.51086019599327,181.70037841796875,29156600,GOOGL
2024-07-01,182.57820938644684,183.4261173435166,180.85248396281747,182.53831481933594,16006100,GOOGL
2024-07-02,181.600617357914,185.11193259145267,181.11182143055515,184.78274536132812,17372500,GOOGL
2024-07-03,184.39372126101637,185.63065069620225,183.54581331756708,185.361328125,10242100,GOOGL
2024-07-05,185.4012116474977,190.38886932097915,185.34136219079565,190.1295166015625,20967500,GOOGL
2024-07-08,189.43123257522205,189.70057035182427,187.31647058991524,188.56338500976562,21035900,GOOGL
2024-07-09,189.84023815417876,190.88764938829925,188.2541665482638,188.51351928710938,15121400,GOOGL
2024-07-10,188.6830810780451,191.27666912067295,188.56338216630394,190.70806884765625,15952500,GOOGL
2024-07-11,189.38137232601392,190.38887371973013,184.62314253366378,185.1119384765625,25625800,GOOGL
2024-07-12,184.6231442745435,186.64813213816686,184.03460430299506,184.61317443847656,22898400,GOOGL
2024-07-15,184.46352323598353,187.77533512360395,184.46352323598353,186.06954956054688,16474000,GOOGL
2024-07-16,186.8975144333893,188.21424818283919,182.91735801356307,183.46600341796875,18290700,GOOGL
2024-07-17,182.5183493766844,183.09691950366312,179.4559202044025,180.5731658935547,20734100,GOOGL
2024-07-18,181.48091269947318,182.04951300513554,176.03439880682015,177.2513885498047,25315700,GOOGL
2024-07-19,178.4384558228494,179.84496379774254,176.6927755390493,177.22146606445312,18881900,GOOGL
2024-07-22,180.14422170027328,182.24901391161868,179.78510972796855,181.2215576171875,24100300,GOOGL
2024-07-23,181.60063077483179,183.15677763502865,181.09187991745063,181.3412628173828,36352700,GOOGL
2024-07-24,173.17147948125148,175.7550824876713,171.39587457774786,172.20387268066406,49585200,GOOGL
2024-07-25,172.09415162233938,172.9919239516059,166.77730649977468,166.86708068847656,44852000,GOOGL
2024-07-26,166.73739219847286,167.67507428919038,163.65502336750666,166.5877685546875,41336900,GOOGL
2024-07-29,168.41325743181997,170.00929881723164,167.57533456289457,169.1115264892578,20293800,GOOGL
2024-07-30,169.81977976349475,170.80732627515368,168.0242198953097,169.86964416503906,18959700,GOOGL
2024-07-31,172.8123777659636,173.81987919012954,169.59033977786405,171.11656188964844,25729100,GOOGL
2024-08-01,169.82975009576955,173.62037311276333,168.46313671318876,170.33848571777344,24531400,GOOGL
2024-08-02,166.0291532919356,168.09403568140388,164.26351818998194,166.2486114501953,29130100,GOOGL
2024-08-05,155.11615967563407,164.02410932064197,154.54755937261288,158.85690307617188,53630700,GOOGL
2024-08-06,158.9367028046725,160.17364739940209,156.02391252139645,157.89926147460938,49004600,GOOGL
2024-08-07,160.8519639234384,162.57768925896593,158.07882740651024,158.54766845703125,25138600,GOOGL
2024-08-08,160.11378318649506,163.2859414220711,159.81453589918704,161.63003540039062,25578800,GOOGL
2024-08-09,159.61502198985195,163.38569012929312,158.66737003691415,163.2659912109375,28602300,GOOGL
2024-08-12,163.94431682299714,164.49294700024495,161.44050288346338,161.88938903808594,15895300,GOOGL
2024-08-13,163.0066273700011,164.32336104553403,162.56771107111587,163.75477600097656,18551700,GOOGL
2024-08-14,161.9991088123198,162.81709194492808,157.32069888325617,159.97412109375,40591100,GOOGL
2024-08-15,160.10381193490807,161.24099727999334,159.21600947445663,160.90184020996094,31524300,GOOGL
2024-08-16,161.07141184942105,164.65254626638267,160.73225479390817,162.5577392578125,24208600,GOOGL
2024-08-19,164.87200724527577,166.27853033162688,163.85452084013636,166.25857543945312,22416200,GOOGL
2024-08-20,166.48801110675902,168.2237214990038,166.4082219766287,166.76731872558594,18341500,GOOGL
2024-08-21,164.74232853471239,166.43814433776538,164.26351765512456,165.44061279296875,22902000,GOOGL
2024-08-22,166.84711081705245,167.17629803386515,162.906864492798,163.39566040039062,22493300,GOOGL
2024-08-23,164.31339409733906,165.7697816007338,163.42559164849283,165.21116638183594,13955700,GOOGL
2024-08-26,165.96930557266754,167.13641566956838,164.05404680689762,165.74984741210938,14190400,GOOGL
2024-08-27,165.43063885798506,166.02916391355154,164.05405558398127,164.27349853515625,11821900,GOOGL
2024-08-28,164.63261000175098,165.19124048836477,161.13127953483584,162.44802856445312,16407400,GOOGL
2024-08-29,163.90441474074623,165.56032084961527,159.85443888061718,161.3806610107422,19699800,GOOGL
2024-08-30,162.21858134242328,163.2560227137605,161.2908842753107,162.97671508789062,22123800,GOOGL
2024-09-03,161.32081125226367,161.45049523076827,156.0937401989441,156.97157287597656,38945300,GOOGL
2024-09-04,156.2733005844292,158.60752082271256,155.57503152440304,156.06381225585938,19353800,GOOGL
2024-09-05,155.9141855757843,159.05640389536052,155.59496817105187,156.85186767578125,18688700,GOOGL
2024-09-06,156.91171078806016,157.44040127478374,150.17837304317212,150.54745483398438,37912100,GOOGL
2024-09-09,152.3354019943942,153.2243825181643,147.05146466034253,148.53976440429688,39260500,GOOGL
2024-09-10,150.27776654607942,151.0968351518263,148.17018139774882,148.4898223876953,31118800,GOOGL
2024-09-11,149.7483678165099,151.3265608410383,147.35112146407118,150.98695373535156,29607700,GOOGL
2024-09-12,153.623943613462,154.64278025669208,152.4752509078758,154.51292419433594,29695000,GOOGL
2024-09-13,155.25206445570748,158.19869964127616,155.0323303223496,157.27975463867188,29591200,GOOGL
2024-09-16,157.12991739820077,158.06884377455685,156.42073870376782,157.87905883789062,18379800,GOOGL
2024-09-17,158.83795940795798,160.36620665654814,158.1986926846348,159.1376190185547,20715600,GOOGL
2024-09-18,159.67700574881235,160.31627251867317,158.41845358227067,159.62705993652344,23677300,GOOGL
2024-09-19,163.52260155578028,163.602496564332,161.15530422207948,161.9543914794922,26587700,GOOGL
2024-09-20,163.31283190595235,163.5425643438158,161.87447792027933,163.40272521972656,40896400,GOOGL
2024-09-23,164.16185660339156,165.30055091054933,161.4849167682097,161.6647186279297,24150900,GOOGL
2024-09-24,162.84336059885683,163.03314552379246,160.50604310941137,162.1042022705078,23332100,GOOGL
2024-09-25,161.28514863352729,162.62361092925534,161.11534508030692,161.3051300048828,18869200,GOOGL
2024-09-26,163.4526630547652,163.89216177797897,162.0942193836139,162.543701171875,20319300,GOOGL
2024-09-27,162.6236194767887,165.51031051590132,162.44383284910126,163.76231384277344,21101300,GOOGL
2024-09-30,163.1330385549028,165.9597853581085,163.0730944402025,165.66014099121094,20413900,GOOGL
2024-10-01,167.49803900926474,168.9663574434244,164.39159857770997,166.79884338378906,28338100,GOOGL
2024-10-02,166.22949200998104,167.32823890222443,164.54142416704428,165.67013549804688,17760200,GOOGL
2024-10-03,164.22179840650557,166.4492413884297,163.73235383790225,165.67013549804688,15073100,GOOGL
2024-10-04,167.8676144263969,168.03741799352926,165.29056599793975,166.86875915527344,19047400,GOOGL
2024-10-07,167.52800594767675,168.2871304607625,162.56369407072728,162.79342651367188,22463100,GOOGL
2024-10-08,163.75233474045888,164.54142369438745,162.68355229004484,164.19183349609375,23072700,GOOGL
2024-10-09,163.26288934163853,164.65129754460094,159.5571448589351,161.67471313476562,31181800,GOOGL
2024-10-10,160.6858334406201,162.88332710504665,160.21637027061266,161.8944549560547,14144100,GOOGL
2024-10-11,161.94440120303656,163.7123639633056,161.05542066959453,163.05313110351562,15344300,GOOGL
2024-10-14,163.45266773305087,166.03969909717978,163.21293699316715,164.7711639404297,19016100,GOOGL
2024-10-15,165.6002081913426,167.48804403838992,164.44154766375664,165.27059936523438,20247200,GOOGL
2024-10-16,164.34164834019793,165.61019873881125,163.55255942155696,164.97093200683594,16406000,GOOGL
2024-10-17,165.54026682623436,166.179533539939,162.5736656844729,162.74346923828125,21453400,GOOGL
2024-10-18,163.0031929718876,164.52145724074808,162.89331828319396,163.23292541503906,19757700,GOOGL
2024-10-21,162.76345865438103,164.3116873279236,162.43383459552447,163.88218688964844,20946500,GOOGL
2024-10-22,162.79342721641044,165.5802419476502,162.79342721641044,164.95095825195312,16568100,GOOGL
2024-10-23,164.57138759989343,165.63018698109346,161.74462537741965,162.59365844726562,18280500,GOOGL
2024-10-24,162.64359660721192,163.14302421507978,160.82567279873874,162.53372192382812,22412500,GOOGL
2024-10-25,163.48263605894513,165.4004362996681,163.2329222477887,165.080810546875,19828900,GOOGL
2024-10-28,168.55681917401554,168.55681917401554,163.76231104702376,166.52914428710938,32138600,GOOGL
2024-10-29,167.5379836387061,170.18495914581706,166.89871690047832,169.48574829101562,42169000,GOOGL
2024-10-30,180.47314972890098,181.8116272766613,173.86073320012326,174.26028442382812,68890800,GOOGL
2024-10-31,172.93181542068857,176.61759375547854,170.80424884729752,170.91412353515625,44769000,GOOGL
2024-11-01,169.87531325104803,172.1227374784499,168.68667310994414,171.09390258789062,31796500,GOOGL
2024-11-04,169.7354619545759,170.53454918701203,167.81766174152193,169.0462646484375,21492700,GOOGL
2024-11-05,169.2360421349021,170.33478903527796,168.64672117984685,169.5457000732422,18242100,GOOGL
2024-11-06,173.60104838470335,176.73745331219902,173.30138875645662,176.3079376220703,33695500,GOOGL
2024-11-07,177.20691786224168,180.87271488977294,176.9871684826014,180.5430908203125,25352900,GOOGL
2024-11-08,180.44319843386418,180.69291225137096,177.87614831538193,178.14584350585938,22006200,GOOGL
2024-11-11,178.37557658568522,180.3433226939525,178.26570189593804,180.1435546875,17450400,GOOGL
2024-11-12,179.61415166757834,182.28109325658866,179.18463600062077,181.41207885742188,25134900,GOOGL
2024-11-13,180.25342505699032,180.75285268181247,178.3356095653103,178.67523193359375,23184000,GOOGL
2024-11-14,178.0759037938209,178.6152941368307,174.12044573791286,175.37899780273438,31007500,GOOGL
2024-11-15,173.5311122159291,173.9406465119526,171.02399111342126,172.29254150390625,32504600,GOOGL
2024-11-18,173.2214668063966,175.23915857623498,172.70205783527248,175.0993194580078,20206600,GOOGL
2024-11-19,173.52113492372038,178.66523335503967,173.3613144261031,177.9160919189453,23434900,GOOGL
2024-11-20,177.13697761802752,177.47658472831748,173.58105554247194,175.77853393554688,18997100,GOOGL
2024-11-21,173.70092179220046,173.93066947333787,163.51260129552495,167.4381103515625,59734400,GOOGL
2024-11-22,165.66014438880168,166.26944668285782,163.7123645160949,164.57138061523438,38604600,GOOGL
2024-11-25,165.8998571680873,168.43695792128977,165.4204109377555,167.45806884765625,33135300,GOOGL
2024-11-26,167.43810706347386,169.62560245554164,167.38816125371517,168.9263916015625,20486700,GOOGL
2024-11-27,168.80653770105775,169.28598395476882,167.8276638210122,169.03627014160156,19266500,GOOGL
2024-11-29,168.30710998168675,169.236038050321,166.96864760176737,168.756591796875,14257200,GOOGL
2024-12-02,168.5767985152317,171.88300683066288,168.37703052095557,171.29368591308594,23789100,GOOGL
2024-12-03,171.29368202779142,172.4823069012363,170.65441531581507,171.1438446044922,22248700,GOOGL
2024-12-04,170.95406461457648,174.70976999200622,170.86417130279446,174.17037963867188,31615100,GOOGL
2024-12-05,175.15925501840792,175.858450636237,172.13272486876673,172.44236755371094,21356200,GOOGL
2024-12-06,171.83306973436635,174.8795813358406,171.6632661685559,174.510009765625,21462400,GOOGL
2024-12-09,173.9600067138672,176.25999450683594,173.64999389648438,175.3699951171875,25389600,GOOGL
2024-12-10,182.85000610351562,186.36000061035156,181.0500030517578,185.1699981689453,54813000,GOOGL
2024-12-11,185.30999755859375,195.61000061035156,184.85000610351562,195.39999389648438,67894100,GOOGL
2024-12-12,195.0,195.17999267578125,191.7100067138672,191.9600067138672,34817500,GOOGL
2024-12-13,191.00999450683594,192.72999572753906,189.63999938964844,189.82000732421875,25143500,GOOGL
2024-12-16,192.8699951171875,199.0,192.6199951171875,196.66000366210938,44934900,GOOGL
2024-12-17,197.25,201.4199981689453,194.97999572753906,195.4199981689453,43504000,GOOGL
2024-12-18,195.22000122070312,197.0,187.74000549316406,188.39999389648438,34166100,GOOGL
2024-12-19,191.6300048828125,193.02999877929688,188.3800048828125,188.50999450683594,32265200,GOOGL
2024-12-20,185.77999877929688,192.88999938964844,185.22000122070312,191.41000366210938,63462900,GOOGL
2024-12-23,192.6199951171875,195.10000610351562,190.14999389648438,194.6300048828125,25675000,GOOGL
2024-12-24,194.83999633789062,196.11000061035156,193.77999877929688,196.11000061035156,10403300,GOOGL
2024-12-26,195.14999389648438,196.75,194.3800048828125,195.60000610351562,12046600,GOOGL
2024-12-27,194.9499969482422,195.32000732421875,190.64999389648438,192.75999450683594,18891400,GOOGL
2024-12-30,189.8000030517578,192.5500030517578,189.1199951171875,191.24000549316406,14264700,GOOGL
2024-12-31,191.0800018310547,191.9600067138672,188.50999450683594,189.3000030517578,17466900,GOOGL
2025-01-02,190.64999389648438,192.0,187.5,189.42999267578125,20370800,GOOGL
2025-01-03,191.3699951171875,193.2100067138672,189.97999572753906,191.7899932861328,18596200,GOOGL
2025-01-06,193.97999572753906,198.22000122070312,193.85000610351562,196.8699951171875,29563600,GOOGL
2025-01-07,197.11000061035156,201.0,194.60000610351562,195.49000549316406,26487200,GOOGL
2025-01-08,192.57000732421875,196.2899932861328,192.3800048828125,193.9499969482422,24864800,GOOGL
2025-01-10,194.3000030517578,196.52000427246094,190.30999755859375,192.0399932861328,26665200,GOOGL
2025-01-13,190.07000732421875,191.17999267578125,187.36000061035156,191.00999450683594,21823700,GOOGL
2025-01-14,191.24000549316406,191.97999572753906,188.30999755859375,189.66000366210938,17174900,GOOGL
2025-01-15,193.08999633789062,196.36000061035156,191.86000061035156,195.5500030517578,21776000,GOOGL
2025-01-16,194.13999938964844,195.47999572753906,192.80999755859375,192.91000366210938,17815400,GOOGL
2025-01-17,196.52999877929688,197.22999572753906,193.75,196.0,27735100,GOOGL
2025-01-21,199.07000732421875,202.2899932861328,197.8699951171875,198.0500030517578,29971300,GOOGL
2025-01-22,199.05999755859375,200.47999572753906,197.52999877929688,198.3699951171875,26200600,GOOGL
2025-01-23,198.13999938964844,200.3000030517578,195.1999969482422,197.97999572753906,26951400,GOOGL
2025-01-24,198.10000610351562,200.89999389648438,198.0,200.2100067138672,23877500,GOOGL
2025-01-27,192.41000366210938,196.8800048828125,190.72999572753906,191.80999755859375,41728900,GOOGL
2025-01-28,192.75,195.47999572753906,190.67999267578125,195.3000030517578,24157900,GOOGL
2025-01-29,195.55999755859375,196.7899932861328,193.42999267578125,195.41000366210938,18218300,GOOGL
2025-01-30,198.0,201.39999389648438,197.6699981689453,200.8699951171875,24354700,GOOGL
2025-01-31,202.0,205.47999572753906,201.8000030517578,204.02000427246094,32042000,GOOGL
2025-02-03,200.69000244140625,203.75,200.10000610351562,201.22999572753906,27838300,GOOGL
2025-02-04,203.38999938964844,207.0500030517578,202.80999755859375,206.3800048828125,43856400,GOOGL
2025-02-05,191.07000732421875,192.75,188.02999877929688,191.3300018310547,70373900,GOOGL
2025-02-06,189.5,192.10000610351562,188.72000122070312,191.60000610351562,29297400,GOOGL
2025-02-07,191.0500030517578,191.17999267578125,183.24000549316406,185.33999633789062,49315000,GOOGL
2025-02-10,187.35000610351562,188.1999969482422,185.86000061035156,186.47000122070312,23105600,GOOGL
2025-02-11,185.02999877929688,186.94000244140625,184.27999877929688,185.32000732421875,21239500,GOOGL
2025-02-12,183.22000122070312,185.11000061035156,181.8300018310547,183.61000061035156,22072600,GOOGL
2025-02-13,184.32000732421875,186.27999877929688,183.13999938964844,186.13999938964844,21402500,GOOGL
2025-02-14,185.05999755859375,186.39999389648438,184.32000732421875,185.22999572753906,20448400,GOOGL
2025-02-18,185.60000610351562,185.9600067138672,181.74000549316406,183.77000427246094,29916700,GOOGL
2025-02-19,184.07000732421875,185.4600067138672,183.58999633789062,185.27000427246094,19549400,GOOGL
2025-02-20,184.8000030517578,185.30999755859375,182.72000122070312,184.55999755859375,20441500,GOOGL
2025-02-21,185.14999389648438,185.33999633789062,179.0800018310547,179.66000366210938,35199200,GOOGL
2025-02-24,181.99000549316406,183.1199951171875,178.88999938964844,179.25,29854200,GOOGL
2025-02-25,178.0399932861328,178.74000549316406,174.69000244140625,175.4199981689453,41913400,GOOGL
2025-02-26,175.07000732421875,176.0800018310547,171.5800018310547,172.72999572753906,35431300,GOOGL
2025-02-27,173.99000549316406,174.55999755859375,167.94000244140625,168.5,39991000,GOOGL
2025-02-28,168.67999267578125,170.61000061035156,166.77000427246094,170.27999877929688,48130600,GOOGL
2025-03-03,171.92999267578125,173.3699951171875,165.92999267578125,167.00999450683594,40770500,GOOGL
2025-03-04,166.30999755859375,173.2946014404297,165.8000030517578,170.9199981689453,43398277,GOOGL
